{
  "id": "actor-organizer",
  "title": "Actor Organizer",
  "description": "Alphabetize and organize Actors into A–Z folders with optional type grouping (Foundry VTT v13).",
  "version": "1.0.0",
  "authors": [{ "name": "jolivr" }],

  "compatibility": {
    "minimum": "13",
    "verified": "13"
  },

  "esmodules": ["scripts/main.js"],

  "manifest": "https://github.com/jolivr/actor-organizer/releases/latest/download/module.json",
  "download": "https://github.com/jolivr/actor-organizer/releases/download/v1.0.0/actor-organizer.zip"
}
